question,answer,cleaned_question
What causes acne?,"Acne is caused by clogged pores due to excess oil, bacteria, and dead skin cells.",what causes acne
How can I treat dry skin?,"Moisturizing regularly and using gentle, hydrating cleansers can help treat dry skin.",how can i treat dry skin
What are the symptoms of eczema?,"Eczema symptoms include itching, redness, dry skin, and inflammation.",what are the symptoms of eczema
How do I reduce dark circles under my eyes?,"Applying cold compresses, using eye creams with caffeine, and getting enough sleep can reduce dark circles.",how do i reduce dark circles under my eyes
What is the best way to prevent wrinkles?,"Prevent wrinkles by using sunscreen, moisturizing, and avoiding excessive sun exposure.",what is the best way to prevent wrinkles
How does sunscreen help the skin?,"Sunscreen protects the skin from harmful UV rays, preventing premature aging and sun damage.",how does sunscreen help the skin
What are the common causes of skin rashes?,"Skin rashes can be caused by allergies, infections, heat, or irritation from skincare products.",what are the common causes of skin rashes
Can diet affect my skin health?,"A healthy diet rich in vitamins, antioxidants, and hydration supports skin health.",can diet affect my skin health
What is rosacea and how is it treated?,Rosacea is a chronic skin condition causing redness; it can be treated with topical creams and lifestyle changes.,what is rosacea and how is it treated
How do I get rid of blackheads?,Exfoliating and using salicylic acid-based cleansers can help remove blackheads.,how do i get rid of blackheads
Why does my skin itch at night?,"Nighttime itching may be due to dry skin, allergies, or skin conditions like eczema.",why does my skin itch at night
What are the best remedies for sunburn?,"Applying aloe vera, cold compresses, and moisturizing can soothe sunburn.",what are the best remedies for sunburn
How can I reduce oily skin?,Using oil-free cleansers and blotting papers can help manage oily skin.,how can i reduce oily skin
Is there a cure for psoriasis?,"Psoriasis has no cure, but treatments like topical steroids and phototherapy help manage symptoms.",is there a cure for psoriasis
What are the causes of hyperpigmentation?,"Hyperpigmentation is caused by sun exposure, hormonal changes, and inflammation.",what are the causes of hyperpigmentation
How do I treat a fungal skin infection?,Fungal skin infections can be treated with antifungal creams and keeping the skin dry.,how do i treat a fungal skin infection
What are the signs of skin cancer?,"Skin cancer signs include new growths, moles that change shape, and non-healing sores.",what are the signs of skin cancer
Can stress cause skin problems?,"Yes, stress can trigger acne, eczema, and other skin conditions.",can stress cause skin problems
How can I remove acne scars?,"Acne scars can be reduced with treatments like retinoids, chemical peels, and laser therapy.",how can i remove acne scars
What are the benefits of moisturizing?,"Moisturizing helps maintain skin hydration, prevents dryness, and strengthens the skin barrier.",what are the benefits of moisturizing
Why do I get frequent cold sores?,Frequent cold sores are caused by the herpes simplex virus and can be triggered by stress and sun exposure.,why do i get frequent cold sores
How can I prevent stretch marks?,Prevent stretch marks by keeping the skin hydrated and using creams with cocoa butter or vitamin E.,how can i prevent stretch marks
What is the best skincare routine for sensitive skin?,"Sensitive skin needs gentle, fragrance-free skincare and soothing ingredients like aloe vera.",what is the best skincare routine for sensitive skin
What is the difference between a mole and a wart?,"Moles are pigmented skin growths, while warts are caused by a viral infection.",what is the difference between a mole and a wart
Can pollution damage my skin?,"Pollution exposes the skin to free radicals, causing premature aging and dullness.",can pollution damage my skin
How do I treat cracked heels?,"Cracked heels can be treated with moisturizing creams, exfoliation, and wearing comfortable shoes.",how do i treat cracked heels
What causes hives and how do I treat them?,Hives are caused by allergic reactions and can be treated with antihistamines and avoiding triggers.,what causes hives and how do i treat them
What are the best natural remedies for glowing skin?,"Natural remedies for glowing skin include honey, turmeric, and coconut oil.",what are the best natural remedies for glowing skin
How do I know if I have a skin allergy?,"A skin allergy may cause redness, itching, swelling, or rashes after exposure to allergens.",how do i know if i have a skin allergy
What are the side effects of skin bleaching?,"Skin bleaching can cause irritation, thinning of the skin, and long-term damage.",what are the side effects of skin bleaching
What is the best way to exfoliate the skin?,"Exfoliate the skin using mild scrubs, chemical exfoliants, or gentle cleansing brushes.",what is the best way to exfoliate the skin
Why does my skin peel after sun exposure?,Peeling skin after sun exposure is due to sunburn; moisturize and avoid further sun damage.,why does my skin peel after sun exposure
What are the causes of white patches on the skin?,"White patches on the skin can be caused by vitiligo, fungal infections, or nutrient deficiencies.",what are the causes of white patches on the skin
How do I treat ingrown hairs?,"Ingrown hairs can be treated by exfoliating, using warm compresses, and avoiding tight clothing.",how do i treat ingrown hairs
Can drinking water improve my skin?,Drinking water keeps the skin hydrated and supports overall skin health.,can drinking water improve my skin
What are the causes of chapped lips?,"Chapped lips result from dehydration, cold weather, or excessive licking of the lips.",what are the causes of chapped lips
What is the best treatment for rosacea?,"Rosacea can be managed with gentle skincare, laser therapy, and avoiding triggers.",what is the best treatment for rosacea
Why does my skin turn red when exposed to cold?,Cold exposure can cause skin redness due to reduced blood circulation.,why does my skin turn red when exposed to cold
How do I get rid of age spots?,"Age spots can be treated with laser therapy, chemical peels, or skin-lightening creams.",how do i get rid of age spots
What are the benefits of using vitamin C on the skin?,"Vitamin C helps brighten skin, reduce pigmentation, and boost collagen production.",what are the benefits of using vitamin c on the skin
How do I treat an insect bite on my skin?,"Insect bites can be treated with antihistamines, cold compresses, and anti-itch creams.",how do i treat an insect bite on my skin
What are the common fungal infections of the skin?,"Common fungal infections include ringworm, athleteâ€™s foot, and yeast infections.",what are the common fungal infections of the skin
How can I make my pores smaller?,"Pores can be minimized using clay masks, retinoids, and proper cleansing.",how can i make my pores smaller
What is the best soap for acne-prone skin?,"Use fragrance-free, non-comedogenic soaps for acne-prone skin.",what is the best soap for acneprone skin
How do I prevent razor burns?,"Prevent razor burns by using a sharp razor, shaving cream, and moisturizing after shaving.",how do i prevent razor burns
What causes cystic acne?,Cystic acne is caused by deep-seated inflammation and hormonal imbalances.,what causes cystic acne
How do I know if a mole is cancerous?,"A mole may be cancerous if it changes in size, shape, color, or bleeds.",how do i know if a mole is cancerous
Why does my skin feel tight after washing?,Tight skin after washing indicates excessive dryness or use of harsh cleansers.,why does my skin feel tight after washing
What are the best essential oils for skincare?,Essential oils like tea tree oil and rosehip oil can benefit skincare.,what are the best essential oils for skincare
What is the best way to treat acne scars?,"Acne scars can be treated with microneedling, laser therapy, or retinol.",what is the best way to treat acne scars
Can lack of sleep affect my skin?,"Lack of sleep can cause dull skin, dark circles, and increased aging signs.",can lack of sleep affect my skin
Why does my skin get darker in summer?,"Sun exposure increases melanin production, causing the skin to darken.",why does my skin get darker in summer
How do I treat dark spots on my face?,"Dark spots can be treated with vitamin C serums, exfoliation, and sun protection.",how do i treat dark spots on my face
What are the effects of smoking on skin?,"Smoking reduces blood flow to the skin, causing premature wrinkles and dullness.",what are the effects of smoking on skin
How does aging affect the skin?,"Aging reduces collagen production, leading to wrinkles, sagging, and dryness.",how does aging affect the skin
What is the best way to heal a cut on the skin?,"Cuts heal faster when cleaned, kept moist, and covered with a bandage.",what is the best way to heal a cut on the skin
How can I treat a burn at home?,"Treat minor burns with cool water, aloe vera, and antibiotic ointments.",how can i treat a burn at home
Why do I have redness on my cheeks?,"Redness on the cheeks can be due to rosacea, allergies, or irritation.",why do i have redness on my cheeks
What are the best ingredients for anti-aging skincare?,"Anti-aging skincare ingredients include retinol, hyaluronic acid, and peptides.",what are the best ingredients for antiaging skincare
How do I prevent and treat skin irritation from masks?,Prevent mask irritation by using breathable masks and applying moisturizer.,how do i prevent and treat skin irritation from masks
What are the symptoms of ringworm?,"Ringworm symptoms include red, itchy, circular patches on the skin.",what are the symptoms of ringworm
Can dehydration cause dry skin?,"Dehydration can lead to dry, flaky skin and an increased appearance of wrinkles.",can dehydration cause dry skin
What are the best foods for healthy skin?,"Healthy skin foods include leafy greens, berries, nuts, and fatty fish.",what are the best foods for healthy skin
How do I treat an allergic skin reaction?,"An allergic skin reaction may cause redness, swelling, and itching.",how do i treat an allergic skin reaction
What are the causes of melasma?,"Melasma is caused by hormonal changes, sun exposure, and genetic factors.",what are the causes of melasma
How does collagen benefit the skin?,"Collagen improves skin elasticity, hydration, and reduces wrinkles.",how does collagen benefit the skin
How can I soothe itchy skin naturally?,"Soothe itchy skin naturally with oatmeal baths, aloe vera, and coconut oil.",how can i soothe itchy skin naturally
What is the best skincare routine for acne?,"Acne skincare should include gentle cleansers, exfoliation, and non-comedogenic products.",what is the best skincare routine for acne
How do I remove warts naturally?,"Warts can be removed naturally with apple cider vinegar, garlic, or banana peel.",how do i remove warts naturally
What causes redness around the nose?,"Redness around the nose can be due to rosacea, dryness, or allergies.",what causes redness around the nose
How do I treat a sun allergy?,"Sun allergies cause redness, itching, and blistering after sun exposure.",how do i treat a sun allergy
What is the best treatment for under-eye wrinkles?,"Under-eye wrinkles can be treated with retinol, eye creams, and hydration.",what is the best treatment for undereye wrinkles
Can dairy cause acne?,Dairy may contribute to acne due to hormonal effects in milk.,can dairy cause acne
What are the benefits of retinol for the skin?,"Retinol helps reduce wrinkles, acne, and improve skin texture.",what are the benefits of retinol for the skin
How do I treat a cold sore quickly?,Cold sores can heal faster with antiviral creams and home remedies.,how do i treat a cold sore quickly
What is the best way to treat chafing?,"Chafing can be prevented with powder, loose clothing, and moisturizers.",what is the best way to treat chafing
Why do I have dark knuckles?,"Dark knuckles may be caused by friction, sun exposure, or diabetes.",why do i have dark knuckles
How do I fade scars naturally?,"Natural scar fading remedies include aloe vera, honey, and lemon juice.",how do i fade scars naturally
What causes skin tags?,Skin tags are benign growths caused by friction or genetics.,what causes skin tags
How can I reduce puffiness under my eyes?,"Reduce puffiness with cold compresses, caffeine-based creams, and hydration.",how can i reduce puffiness under my eyes
What is the best way to remove dead skin cells?,Dead skin cells can be removed with exfoliation using scrubs or AHAs.,what is the best way to remove dead skin cells
How do I treat a skin boil?,Skin boils should be treated with warm compresses and antibacterial ointments.,how do i treat a skin boil
What is the best body lotion for dry skin?,"For dry skin, use lotions with shea butter, ceramides, and glycerin.",what is the best body lotion for dry skin
How does sugar affect the skin?,Sugar consumption can lead to wrinkles and acne due to glycation.,how does sugar affect the skin
Can sweating cause skin irritation?,Sweating can cause skin irritation due to trapped moisture and bacteria.,can sweating cause skin irritation
What are the symptoms of skin dehydration?,"Skin dehydration symptoms include tightness, dullness, and increased fine lines.",what are the symptoms of skin dehydration
How do I treat blisters on my feet?,"Blisters can be treated by keeping them clean, dry, and covered.",how do i treat blisters on my feet
What are the benefits of aloe vera for skin?,"Aloe vera hydrates, soothes irritation, and has anti-inflammatory properties.",what are the benefits of aloe vera for skin
How can I make my skin glow naturally?,"For naturally glowing skin, eat a healthy diet and stay hydrated.",how can i make my skin glow naturally
How does sleep affect skin health?,"Sleep helps repair skin, reduces stress, and prevents premature aging.",how does sleep affect skin health
What is the best treatment for eczema flare-ups?,"Eczema flare-ups can be treated with moisturizers, steroids, and avoiding triggers.",what is the best treatment for eczema flareups
How do I remove excess facial hair naturally?,"Facial hair removal methods include waxing, threading, and turmeric paste.",how do i remove excess facial hair naturally
Why do I get pimples on my back?,Back acne can be treated with exfoliation and anti-acne body washes.,why do i get pimples on my back
What causes dark inner thighs?,"Dark inner thighs may be due to friction, pigmentation, or obesity.",what causes dark inner thighs
How do I treat a keloid scar?,Keloid scars can be treated with laser therapy or steroid injections.,how do i treat a keloid scar
What are the effects of alcohol on skin?,Alcohol dehydrates the skin and accelerates aging.,what are the effects of alcohol on skin
Can coconut oil help with dry skin?,Coconut oil helps moisturize dry skin and reduce inflammation.,can coconut oil help with dry skin
How do I treat a pimple overnight?,Treat pimples overnight with tea tree oil or salicylic acid.,how do i treat a pimple overnight
What is the best way to reduce skin inflammation?,"Reduce skin inflammation with aloe vera, oatmeal, or green tea.",what is the best way to reduce skin inflammation
Why do I have bumps on my arms?,"Bumps on arms may be keratosis pilaris, a harmless skin condition.",why do i have bumps on my arms
How do I treat a skin rash naturally?,Skin rashes can be treated with soothing lotions and anti-itch creams.,how do i treat a skin rash naturally
